,n,alpha,beta_lag1,r2,mae
all,1254,0.0009610019684515089,-0.055786579655050794,0.0031110027671739093,0.01913438183903135
filtered_no_outliers,1208,0.0012181686335507628,-0.04865570697051984,0.00236602880423209,0.016978131719529804
winsorized,1254,0.0008698893369443214,-0.05594071266693976,0.003128068649135951,0.018687765030895122
